NC_000913.3_RGP_0	GCF_000005845.2	NC_000913.3	263328	302573	43	False	False
NC_000913.3_RGP_23	GCF_000005845.2	NC_000913.3	367587	376670	8	False	False
NC_000913.3_RGP_3	GCF_000005845.2	NC_000913.3	558212	586908	36	False	False
NC_000913.3_RGP_27	GCF_000005845.2	NC_000913.3	675570	683393	7	False	False
NC_000913.3_RGP_36	GCF_000005845.2	NC_000913.3	729583	738853	5	False	False
NC_000913.3_RGP_26	GCF_000005845.2	NC_000913.3	997868	1004657	7	False	False
NC_000913.3_RGP_19	GCF_000005845.2	NC_000913.3	1042030	1050530	9	False	False
NC_000913.3_RGP_18	GCF_000005845.2	NC_000913.3	1084992	1096829	9	False	False
NC_000913.3_RGP_22	GCF_000005845.2	NC_000913.3	1357802	1366815	8	False	False
NC_000913.3_RGP_7	GCF_000005845.2	NC_000913.3	1446378	1477450	23	False	False
NC_000913.3_RGP_35	GCF_000005845.2	NC_000913.3	1526940	1533285	5	False	False
NC_000913.3_RGP_30	GCF_000005845.2	NC_000913.3	1557112	1563076	6	False	False
NC_000913.3_RGP_21	GCF_000005845.2	NC_000913.3	1598617	1607289	8	False	False
NC_000913.3_RGP_34	GCF_000005845.2	NC_000913.3	1880886	1886810	5	False	False
NC_000913.3_RGP_16	GCF_000005845.2	NC_000913.3	2066305	2078931	11	False	False
NC_000913.3_RGP_15	GCF_000005845.2	NC_000913.3	2101895	2113061	11	False	False
NC_000913.3_RGP_43	GCF_000005845.2	NC_000913.3	2521593	2525891	4	False	False
NC_000913.3_RGP_12	GCF_000005845.2	NC_000913.3	2601201	2614782	12	False	False
NC_000913.3_RGP_25	GCF_000005845.2	NC_000913.3	2668006	2673249	7	False	False
NC_000913.3_RGP_5	GCF_000005845.2	NC_000913.3	2756159	2785011	26	False	False
NC_000913.3_RGP_20	GCF_000005845.2	NC_000913.3	2878569	2887219	8	False	False
NC_000913.3_RGP_14	GCF_000005845.2	NC_000913.3	2987536	2998828	11	False	False
NC_000913.3_RGP_33	GCF_000005845.2	NC_000913.3	3185414	3191696	5	False	False
NC_000913.3_RGP_42	GCF_000005845.2	NC_000913.3	3287426	3292432	4	False	False
NC_000913.3_RGP_9	GCF_000005845.2	NC_000913.3	3453508	3466220	14	False	False
NC_000913.3_RGP_41	GCF_000005845.2	NC_000913.3	3751128	3754428	4	False	False
NC_000913.3_RGP_40	GCF_000005845.2	NC_000913.3	3762183	3769680	4	False	False
NC_000913.3_RGP_39	GCF_000005845.2	NC_000913.3	3861349	3864615	4	False	False
NC_000913.3_RGP_10	GCF_000005845.2	NC_000913.3	4060447	4075454	13	False	False
NC_000913.3_RGP_24	GCF_000005845.2	NC_000913.3	4306870	4313799	7	False	False
NC_000913.3_RGP_2	GCF_000005845.2	NC_000913.3	4490141	4536695	39	False	False
NC_000913.3_RGP_11	GCF_000005845.2	NC_000913.3	4567287	4587863	12	False	False
NC_004431.1_RGP_49	GCF_000007445.1	NC_004431.1	127216	130670	5	False	False
NC_004431.1_RGP_2	GCF_000007445.1	NC_004431.1	248751	348573	87	False	False
NC_004431.1_RGP_38	GCF_000007445.1	NC_004431.1	370454	378968	8	False	False
NC_004431.1_RGP_37	GCF_000007445.1	NC_004431.1	387232	395145	10	False	False
NC_004431.1_RGP_47	GCF_000007445.1	NC_004431.1	410042	414983	5	False	False
NC_004431.1_RGP_22	GCF_000007445.1	NC_004431.1	738713	750265	11	False	False
NC_004431.1_RGP_1	GCF_000007445.1	NC_004431.1	1119285	1240896	117	False	False
NC_004431.1_RGP_36	GCF_000007445.1	NC_004431.1	1482130	1488556	6	False	False
NC_004431.1_RGP_45	GCF_000007445.1	NC_004431.1	1595808	1603300	5	False	False
NC_004431.1_RGP_18	GCF_000007445.1	NC_004431.1	1714907	1727730	14	False	False
NC_004431.1_RGP_55	GCF_000007445.1	NC_004431.1	1777225	1781475	4	False	False
NC_004431.1_RGP_54	GCF_000007445.1	NC_004431.1	1797633	1801448	4	False	False
NC_004431.1_RGP_10	GCF_000007445.1	NC_004431.1	2194512	2253816	45	False	False
NC_004431.1_RGP_12	GCF_000007445.1	NC_004431.1	2262986	2316472	22	False	False
NC_004431.1_RGP_8	GCF_000007445.1	NC_004431.1	2322324	2368435	52	False	False
NC_004431.1_RGP_21	GCF_000007445.1	NC_004431.1	2389574	2400331	9	False	False
NC_004431.1_RGP_26	GCF_000007445.1	NC_004431.1	2747237	2762918	8	False	False
NC_004431.1_RGP_43	GCF_000007445.1	NC_004431.1	2802472	2806770	5	False	False
NC_004431.1_RGP_52	GCF_000007445.1	NC_004431.1	2892642	2904447	4	False	False
NC_004431.1_RGP_11	GCF_000007445.1	NC_004431.1	3223023	3254819	24	False	False
NC_004431.1_RGP_0	GCF_000007445.1	NC_004431.1	3406498	3534102	123	False	False
NC_004431.1_RGP_31	GCF_000007445.1	NC_004431.1	3583042	3590515	7	False	False
NC_004431.1_RGP_35	GCF_000007445.1	NC_004431.1	3603039	3610231	6	False	False
NC_004431.1_RGP_42	GCF_000007445.1	NC_004431.1	3623837	3629552	5	False	False
NC_004431.1_RGP_25	GCF_000007445.1	NC_004431.1	3830557	3839050	8	False	False
NC_004431.1_RGP_17	GCF_000007445.1	NC_004431.1	3884884	3897599	14	False	False
NC_004431.1_RGP_20	GCF_000007445.1	NC_004431.1	3990197	3999624	10	False	False
NC_004431.1_RGP_30	GCF_000007445.1	NC_004431.1	4057843	4063442	7	False	False
NC_004431.1_RGP_24	GCF_000007445.1	NC_004431.1	4084996	4093948	8	False	False
NC_004431.1_RGP_3	GCF_000007445.1	NC_004431.1	4263077	4342875	82	False	False
NC_004431.1_RGP_15	GCF_000007445.1	NC_004431.1	4520103	4542968	23	False	False
NC_004431.1_RGP_19	GCF_000007445.1	NC_004431.1	4585831	4597514	11	False	False
NC_004431.1_RGP_41	GCF_000007445.1	NC_004431.1	4652055	4659245	5	False	False
NC_004431.1_RGP_29	GCF_000007445.1	NC_004431.1	4760099	4765812	7	False	False
NC_004431.1_RGP_16	GCF_000007445.1	NC_004431.1	4794814	4821696	20	False	False
NC_004431.1_RGP_40	GCF_000007445.1	NC_004431.1	4850933	4856003	5	False	False
NC_004431.1_RGP_28	GCF_000007445.1	NC_004431.1	4866029	4872958	7	False	False
NC_004431.1_RGP_7	GCF_000007445.1	NC_004431.1	4919569	4971387	53	False	False
NC_004431.1_RGP_23	GCF_000007445.1	NC_004431.1	5035027	5044352	8	False	False
NC_004431.1_RGP_39	GCF_000007445.1	NC_004431.1	5089697	5097131	7	False	False
NC_004431.1_RGP_14	GCF_000007445.1	NC_004431.1	5109075	5131329	19	False	False
NC_004431.1_RGP_27	GCF_000007445.1	NC_004431.1	5162501	5173048	7	False	False
NC_004431.1_RGP_50	GCF_000007445.1	NC_004431.1	5178639	5183760	4	False	False
NC_011415.1_RGP_9	GCF_000010385.1	NC_011415.1	240236	272644	25	False	False
NC_011415.1_RGP_7	GCF_000010385.1	NC_011415.1	295689	333513	43	False	False
NC_011415.1_RGP_36	GCF_000010385.1	NC_011415.1	359630	364951	6	False	False
NC_011415.1_RGP_24	GCF_000010385.1	NC_011415.1	412380	421061	8	False	False
NC_011415.1_RGP_35	GCF_000010385.1	NC_011415.1	566838	573604	6	False	False
NC_011415.1_RGP_0	GCF_000010385.1	NC_011415.1	601722	659475	73	False	False
NC_011415.1_RGP_23	GCF_000010385.1	NC_011415.1	666014	681630	10	False	False
NC_011415.1_RGP_29	GCF_000010385.1	NC_011415.1	760463	768284	7	False	False
NC_011415.1_RGP_34	GCF_000010385.1	NC_011415.1	813420	821420	6	False	False
NC_011415.1_RGP_28	GCF_000010385.1	NC_011415.1	1081980	1088772	7	False	False
NC_011415.1_RGP_27	GCF_000010385.1	NC_011415.1	1126144	1133858	7	False	False
NC_011415.1_RGP_22	GCF_000010385.1	NC_011415.1	1169330	1180238	8	False	False
NC_011415.1_RGP_21	GCF_000010385.1	NC_011415.1	1420867	1429880	8	False	False
NC_011415.1_RGP_10	GCF_000010385.1	NC_011415.1	1539369	1561514	19	False	False
NC_011415.1_RGP_11	GCF_000010385.1	NC_011415.1	1613100	1630701	14	False	False
NC_011415.1_RGP_33	GCF_000010385.1	NC_011415.1	1654180	1660144	6	False	False
NC_011415.1_RGP_18	GCF_000010385.1	NC_011415.1	1693008	1707631	9	False	False
NC_011415.1_RGP_53	GCF_000010385.1	NC_011415.1	1722567	1726383	4	False	False
NC_011415.1_RGP_46	GCF_000010385.1	NC_011415.1	2051735	2057884	5	False	False
NC_011415.1_RGP_2	GCF_000010385.1	NC_011415.1	2260306	2318498	64	False	False
NC_011415.1_RGP_32	GCF_000010385.1	NC_011415.1	2741946	2748638	6	False	False
NC_011415.1_RGP_44	GCF_000010385.1	NC_011415.1	2788349	2792647	5	False	False
NC_011415.1_RGP_13	GCF_000010385.1	NC_011415.1	2860552	2874173	13	False	False
NC_011415.1_RGP_31	GCF_000010385.1	NC_011415.1	2926913	2932156	6	False	False
NC_011415.1_RGP_17	GCF_000010385.1	NC_011415.1	3116487	3125394	9	False	False
NC_011415.1_RGP_8	GCF_000010385.1	NC_011415.1	3226311	3244476	28	False	False
NC_011415.1_RGP_52	GCF_000010385.1	NC_011415.1	3449519	3454465	4	False	False
NC_011415.1_RGP_51	GCF_000010385.1	NC_011415.1	3509195	3514302	4	False	False
NC_011415.1_RGP_50	GCF_000010385.1	NC_011415.1	3557535	3562542	4	False	False
NC_011415.1_RGP_49	GCF_000010385.1	NC_011415.1	3812078	3815689	4	False	False
NC_011415.1_RGP_26	GCF_000010385.1	NC_011415.1	3995331	3999272	7	False	False
NC_011415.1_RGP_30	GCF_000010385.1	NC_011415.1	4006702	4014842	6	False	False
NC_011415.1_RGP_39	GCF_000010385.1	NC_011415.1	4246698	4253222	5	False	False
NC_011415.1_RGP_12	GCF_000010385.1	NC_011415.1	4320633	4335640	13	False	False
NC_011415.1_RGP_25	GCF_000010385.1	NC_011415.1	4578151	4585081	7	False	False
NC_011415.1_RGP_19	GCF_000010385.1	NC_011415.1	4698763	4707686	8	False	False
NC_011415.1_RGP_15	GCF_000010385.1	NC_011415.1	4827619	4841980	13	False	False
NC_007946.1_RGP_41	GCF_000013265.1	NC_007946.1	124400	127865	6	False	False
NC_007946.1_RGP_10	GCF_000013265.1	NC_007946.1	243429	271867	24	False	False
NC_007946.1_RGP_18	GCF_000013265.1	NC_007946.1	295228	314444	16	False	False
NC_007946.1_RGP_40	GCF_000013265.1	NC_007946.1	322706	330617	10	False	False
NC_007946.1_RGP_49	GCF_000013265.1	NC_007946.1	345514	350455	5	False	False
NC_007946.1_RGP_23	GCF_000013265.1	NC_007946.1	680626	689597	9	False	False
NC_007946.1_RGP_39	GCF_000013265.1	NC_007946.1	887218	895565	6	False	False
NC_007946.1_RGP_4	GCF_000013265.1	NC_007946.1	1072720	1142382	63	False	False
NC_007946.1_RGP_38	GCF_000013265.1	NC_007946.1	1317566	1323992	6	False	False
NC_007946.1_RGP_48	GCF_000013265.1	NC_007946.1	1472446	1479938	5	False	False
NC_007946.1_RGP_37	GCF_000013265.1	NC_007946.1	1595689	1601676	8	False	False
NC_007946.1_RGP_13	GCF_000013265.1	NC_007946.1	1649274	1662496	17	False	False
NC_007946.1_RGP_54	GCF_000013265.1	NC_007946.1	1678442	1682257	4	False	False
NC_007946.1_RGP_17	GCF_000013265.1	NC_007946.1	2070037	2103772	14	False	False
NC_007946.1_RGP_11	GCF_000013265.1	NC_007946.1	2114161	2167637	22	False	False
NC_007946.1_RGP_8	GCF_000013265.1	NC_007946.1	2173489	2218786	50	False	False
NC_007946.1_RGP_21	GCF_000013265.1	NC_007946.1	2239903	2250126	10	False	False
NC_007946.1_RGP_46	GCF_000013265.1	NC_007946.1	2681359	2685658	5	False	False
NC_007946.1_RGP_52	GCF_000013265.1	NC_007946.1	2771501	2783333	4	False	False
NC_007946.1_RGP_9	GCF_000013265.1	NC_007946.1	3102662	3137935	28	False	False
NC_007946.1_RGP_14	GCF_000013265.1	NC_007946.1	3288207	3305184	15	False	False
NC_007946.1_RGP_32	GCF_000013265.1	NC_007946.1	3371990	3379463	7	False	False
NC_007946.1_RGP_36	GCF_000013265.1	NC_007946.1	3391987	3399179	6	False	False
NC_007946.1_RGP_45	GCF_000013265.1	NC_007946.1	3412785	3418501	5	False	False
NC_007946.1_RGP_27	GCF_000013265.1	NC_007946.1	3616743	3625238	8	False	False
NC_007946.1_RGP_16	GCF_000013265.1	NC_007946.1	3671318	3684048	14	False	False
NC_007946.1_RGP_20	GCF_000013265.1	NC_007946.1	3816387	3825802	10	False	False
NC_007946.1_RGP_35	GCF_000013265.1	NC_007946.1	3861835	3866144	6	False	False
NC_007946.1_RGP_31	GCF_000013265.1	NC_007946.1	3885677	3891277	7	False	False
NC_007946.1_RGP_26	GCF_000013265.1	NC_007946.1	3913030	3921982	8	False	False
NC_007946.1_RGP_25	GCF_000013265.1	NC_007946.1	4090607	4097550	8	False	False
NC_007946.1_RGP_12	GCF_000013265.1	NC_007946.1	4280678	4303543	23	False	False
NC_007946.1_RGP_44	GCF_000013265.1	NC_007946.1	4409359	4416549	5	False	False
NC_007946.1_RGP_30	GCF_000013265.1	NC_007946.1	4476971	4482684	7	False	False
NC_007946.1_RGP_19	GCF_000013265.1	NC_007946.1	4511703	4537910	19	False	False
NC_007946.1_RGP_43	GCF_000013265.1	NC_007946.1	4566137	4571207	5	False	False
NC_007946.1_RGP_29	GCF_000013265.1	NC_007946.1	4581234	4588164	7	False	False
NC_007946.1_RGP_22	GCF_000013265.1	NC_007946.1	4698682	4708782	9	False	False
NC_007946.1_RGP_42	GCF_000013265.1	NC_007946.1	4752469	4759903	7	False	False
NC_007946.1_RGP_0	GCF_000013265.1	NC_007946.1	4771845	4901339	118	False	False
NC_007946.1_RGP_15	GCF_000013265.1	NC_007946.1	4919744	4939919	14	False	False
NC_007946.1_RGP_28	GCF_000013265.1	NC_007946.1	4951206	4961863	7	False	False
NC_007946.1_RGP_50	GCF_000013265.1	NC_007946.1	4967422	4972541	4	False	False
NC_008253.1_RGP_33	GCF_000013305.1	NC_008253.1	123276	126741	6	False	False
NC_008253.1_RGP_8	GCF_000013305.1	NC_008253.1	242751	271192	24	False	False
NC_008253.1_RGP_2	GCF_000013305.1	NC_008253.1	294409	371141	71	False	False
NC_008253.1_RGP_32	GCF_000013305.1	NC_008253.1	379405	387315	10	False	False
NC_008253.1_RGP_41	GCF_000013305.1	NC_008253.1	402210	407151	5	False	False
NC_008253.1_RGP_17	GCF_000013305.1	NC_008253.1	732240	741219	9	False	False
NC_008253.1_RGP_39	GCF_000013305.1	NC_008253.1	1080203	1088340	5	False	False
NC_008253.1_RGP_31	GCF_000013305.1	NC_008253.1	1265285	1271711	6	False	False
NC_008253.1_RGP_38	GCF_000013305.1	NC_008253.1	1374608	1382100	5	False	False
NC_008253.1_RGP_30	GCF_000013305.1	NC_008253.1	1498503	1504488	8	False	False
NC_008253.1_RGP_6	GCF_000013305.1	NC_008253.1	1947667	2005091	41	False	False
NC_008253.1_RGP_9	GCF_000013305.1	NC_008253.1	2015441	2068949	22	False	False
NC_008253.1_RGP_5	GCF_000013305.1	NC_008253.1	2074801	2118640	50	False	False
NC_008253.1_RGP_16	GCF_000013305.1	NC_008253.1	2139782	2150539	9	False	False
NC_008253.1_RGP_26	GCF_000013305.1	NC_008253.1	2497043	2503965	7	False	False
NC_008253.1_RGP_37	GCF_000013305.1	NC_008253.1	2543517	2547815	5	False	False
NC_008253.1_RGP_44	GCF_000013305.1	NC_008253.1	2633760	2645565	4	False	False
NC_008253.1_RGP_21	GCF_000013305.1	NC_008253.1	2889019	2899991	10	False	False
NC_008253.1_RGP_7	GCF_000013305.1	NC_008253.1	2941612	2978133	27	False	False
NC_008253.1_RGP_3	GCF_000013305.1	NC_008253.1	3128357	3196317	67	False	False
NC_008253.1_RGP_25	GCF_000013305.1	NC_008253.1	3263035	3270508	7	False	False
NC_008253.1_RGP_29	GCF_000013305.1	NC_008253.1	3281314	3288506	6	False	False
NC_008253.1_RGP_43	GCF_000013305.1	NC_008253.1	3357543	3362644	4	False	False
NC_008253.1_RGP_20	GCF_000013305.1	NC_008253.1	3508676	3517172	8	False	False
NC_008253.1_RGP_11	GCF_000013305.1	NC_008253.1	3563158	3577847	16	False	False
NC_008253.1_RGP_14	GCF_000013305.1	NC_008253.1	3670112	3679538	10	False	False
NC_008253.1_RGP_19	GCF_000013305.1	NC_008253.1	3760653	3769605	8	False	False
NC_008253.1_RGP_1	GCF_000013305.1	NC_008253.1	3936548	4025637	94	False	False
NC_008253.1_RGP_10	GCF_000013305.1	NC_008253.1	4200208	4223073	22	False	False
NC_008253.1_RGP_12	GCF_000013305.1	NC_008253.1	4266034	4277717	11	False	False
NC_008253.1_RGP_36	GCF_000013305.1	NC_008253.1	4331765	4338955	5	False	False
NC_008253.1_RGP_24	GCF_000013305.1	NC_008253.1	4439805	4445518	7	False	False
NC_008253.1_RGP_13	GCF_000013305.1	NC_008253.1	4476038	4494235	14	False	False
NC_008253.1_RGP_35	GCF_000013305.1	NC_008253.1	4524499	4529569	5	False	False
NC_008253.1_RGP_23	GCF_000013305.1	NC_008253.1	4539595	4546524	7	False	False
NC_008253.1_RGP_18	GCF_000013305.1	NC_008253.1	4656488	4665813	8	False	False
NC_008253.1_RGP_34	GCF_000013305.1	NC_008253.1	4709501	4716934	7	False	False
NC_008253.1_RGP_0	GCF_000013305.1	NC_008253.1	4728876	4841837	104	False	False
NC_008253.1_RGP_22	GCF_000013305.1	NC_008253.1	4871813	4882297	7	False	False
NC_008253.1_RGP_42	GCF_000013305.1	NC_008253.1	4887888	4893007	4	False	False
NC_008563.1_RGP_42	GCF_000014845.1	NC_008563.1	124381	127846	6	False	False
NC_008563.1_RGP_14	GCF_000014845.1	NC_008563.1	243407	271845	24	False	False
NC_008563.1_RGP_15	GCF_000014845.1	NC_008563.1	295725	316033	22	False	False
NC_008563.1_RGP_41	GCF_000014845.1	NC_008563.1	324296	332207	10	False	False
NC_008563.1_RGP_52	GCF_000014845.1	NC_008563.1	347106	352047	5	False	False
NC_008563.1_RGP_22	GCF_000014845.1	NC_008563.1	682226	691197	9	False	False
NC_008563.1_RGP_40	GCF_000014845.1	NC_008563.1	888639	896986	6	False	False
NC_008563.1_RGP_51	GCF_000014845.1	NC_008563.1	1071677	1079815	5	False	False
NC_008563.1_RGP_39	GCF_000014845.1	NC_008563.1	1255974	1262400	6	False	False
NC_008563.1_RGP_50	GCF_000014845.1	NC_008563.1	1410362	1417854	5	False	False
NC_008563.1_RGP_38	GCF_000014845.1	NC_008563.1	1584608	1590594	8	False	False
NC_008563.1_RGP_57	GCF_000014845.1	NC_008563.1	1640088	1643648	4	False	False
NC_008563.1_RGP_56	GCF_000014845.1	NC_008563.1	1659669	1663484	4	False	False
NC_008563.1_RGP_3	GCF_000014845.1	NC_008563.1	2050863	2124526	68	False	False
NC_008563.1_RGP_12	GCF_000014845.1	NC_008563.1	2139986	2167742	31	False	False
NC_008563.1_RGP_21	GCF_000014845.1	NC_008563.1	2190174	2200222	10	False	False
NC_008563.1_RGP_48	GCF_000014845.1	NC_008563.1	2653896	2658195	5	False	False
NC_008563.1_RGP_55	GCF_000014845.1	NC_008563.1	2783805	2795664	4	False	False
NC_008563.1_RGP_13	GCF_000014845.1	NC_008563.1	3117169	3155030	30	False	False
NC_008563.1_RGP_0	GCF_000014845.1	NC_008563.1	3305290	3378091	70	False	False
NC_008563.1_RGP_33	GCF_000014845.1	NC_008563.1	3444897	3452370	7	False	False
NC_008563.1_RGP_37	GCF_000014845.1	NC_008563.1	3464894	3472086	6	False	False
NC_008563.1_RGP_46	GCF_000014845.1	NC_008563.1	3485692	3491407	5	False	False
NC_008563.1_RGP_28	GCF_000014845.1	NC_008563.1	3689655	3698150	8	False	False
NC_008563.1_RGP_18	GCF_000014845.1	NC_008563.1	3744233	3756984	14	False	False
NC_008563.1_RGP_20	GCF_000014845.1	NC_008563.1	3849163	3858586	10	False	False
NC_008563.1_RGP_36	GCF_000014845.1	NC_008563.1	3894622	3898939	6	False	False
NC_008563.1_RGP_32	GCF_000014845.1	NC_008563.1	3918472	3924072	7	False	False
NC_008563.1_RGP_27	GCF_000014845.1	NC_008563.1	3945825	3954777	8	False	False
NC_008563.1_RGP_26	GCF_000014845.1	NC_008563.1	4123403	4130346	8	False	False
NC_008563.1_RGP_16	GCF_000014845.1	NC_008563.1	4312693	4335558	23	False	False
NC_008563.1_RGP_45	GCF_000014845.1	NC_008563.1	4441373	4448563	5	False	False
NC_008563.1_RGP_31	GCF_000014845.1	NC_008563.1	4549273	4554986	7	False	False
NC_008563.1_RGP_19	GCF_000014845.1	NC_008563.1	4584005	4610212	19	False	False
NC_008563.1_RGP_44	GCF_000014845.1	NC_008563.1	4638439	4643509	5	False	False
NC_008563.1_RGP_30	GCF_000014845.1	NC_008563.1	4653536	4660465	7	False	False
NC_008563.1_RGP_1	GCF_000014845.1	NC_008563.1	4707181	4770189	69	False	False
NC_008563.1_RGP_24	GCF_000014845.1	NC_008563.1	4834406	4843729	8	False	False
NC_008563.1_RGP_43	GCF_000014845.1	NC_008563.1	4887416	4894850	7	False	False
NC_008563.1_RGP_23	GCF_000014845.1	NC_008563.1	4906793	4917568	10	False	False
NC_008563.1_RGP_17	GCF_000014845.1	NC_008563.1	4935973	4956148	15	False	False
NC_008563.1_RGP_29	GCF_000014845.1	NC_008563.1	4967435	4978092	7	False	False
NC_008563.1_RGP_53	GCF_000014845.1	NC_008563.1	4983651	4988770	4	False	False
NC_009800.1_RGP_7	GCF_000017765.1	NC_009800.1	237855	268935	23	False	False
NC_009800.1_RGP_28	GCF_000017765.1	NC_009800.1	376124	382222	7	False	False
NC_009800.1_RGP_22	GCF_000017765.1	NC_009800.1	432093	442644	10	False	False
NC_009800.1_RGP_17	GCF_000017765.1	NC_009800.1	617743	631537	12	False	False
NC_009800.1_RGP_27	GCF_000017765.1	NC_009800.1	755663	764930	7	False	False
NC_009800.1_RGP_33	GCF_000017765.1	NC_009800.1	791229	797716	6	False	False
NC_009800.1_RGP_26	GCF_000017765.1	NC_009800.1	1059475	1066272	7	False	False
NC_009800.1_RGP_25	GCF_000017765.1	NC_009800.1	1103644	1111358	7	False	False
NC_009800.1_RGP_16	GCF_000017765.1	NC_009800.1	1148405	1159905	10	False	False
NC_009800.1_RGP_21	GCF_000017765.1	NC_009800.1	1405255	1414268	8	False	False
NC_009800.1_RGP_8	GCF_000017765.1	NC_009800.1	1469570	1497878	21	False	False
NC_009800.1_RGP_32	GCF_000017765.1	NC_009800.1	1573924	1579888	6	False	False
NC_009800.1_RGP_15	GCF_000017765.1	NC_009800.1	1609488	1624111	10	False	False
NC_009800.1_RGP_44	GCF_000017765.1	NC_009800.1	1638549	1642364	4	False	False
NC_009800.1_RGP_38	GCF_000017765.1	NC_009800.1	1898863	1905012	5	False	False
NC_009800.1_RGP_6	GCF_000017765.1	NC_009800.1	2061468	2090616	25	False	False
NC_009800.1_RGP_5	GCF_000017765.1	NC_009800.1	2104831	2124785	25	False	False
NC_009800.1_RGP_4	GCF_000017765.1	NC_009800.1	2143116	2179922	29	False	False
NC_009800.1_RGP_10	GCF_000017765.1	NC_009800.1	2623108	2636719	13	False	False
NC_009800.1_RGP_31	GCF_000017765.1	NC_009800.1	2705563	2710806	6	False	False
NC_009800.1_RGP_20	GCF_000017765.1	NC_009800.1	2796414	2806094	8	False	False
NC_009800.1_RGP_19	GCF_000017765.1	NC_009800.1	2895802	2904452	8	False	False
NC_009800.1_RGP_2	GCF_000017765.1	NC_009800.1	3005857	3026260	30	False	False
NC_009800.1_RGP_42	GCF_000017765.1	NC_009800.1	3230245	3235194	4	False	False
NC_009800.1_RGP_41	GCF_000017765.1	NC_009800.1	3290163	3295269	4	False	False
NC_009800.1_RGP_40	GCF_000017765.1	NC_009800.1	3338351	3343358	4	False	False
NC_009800.1_RGP_9	GCF_000017765.1	NC_009800.1	3497851	3510563	14	False	False
NC_009800.1_RGP_39	GCF_000017765.1	NC_009800.1	3665462	3671783	4	False	False
NC_009800.1_RGP_23	GCF_000017765.1	NC_009800.1	3780116	3784057	7	False	False
NC_009800.1_RGP_30	GCF_000017765.1	NC_009800.1	3791487	3796313	6	False	False
NC_009800.1_RGP_36	GCF_000017765.1	NC_009800.1	3886058	3891786	5	False	False
NC_009800.1_RGP_13	GCF_000017765.1	NC_009800.1	4090586	4102320	11	False	False
NC_009800.1_RGP_18	GCF_000017765.1	NC_009800.1	4451404	4460327	8	False	False
NC_009800.1_RGP_14	GCF_000017765.1	NC_009800.1	4526267	4541609	12	False	False
NC_009800.1_RGP_12	GCF_000017765.1	NC_009800.1	4583664	4598034	13	False	False
NC_011741.1_RGP_3	GCF_000026265.1	NC_011741.1	237836	277827	30	False	False
NC_011741.1_RGP_38	GCF_000026265.1	NC_011741.1	300835	306027	5	False	False
NC_011741.1_RGP_18	GCF_000026265.1	NC_011741.1	382044	390725	8	False	False
NC_011741.1_RGP_37	GCF_000026265.1	NC_011741.1	537711	544476	5	False	False
NC_011741.1_RGP_25	GCF_000026265.1	NC_011741.1	572525	579926	7	False	False
NC_011741.1_RGP_24	GCF_000026265.1	NC_011741.1	586465	599271	9	False	False
NC_011741.1_RGP_23	GCF_000026265.1	NC_011741.1	678290	686112	7	False	False
NC_011741.1_RGP_31	GCF_000026265.1	NC_011741.1	731248	739248	6	False	False
NC_011741.1_RGP_22	GCF_000026265.1	NC_011741.1	1050295	1057087	7	False	False
NC_011741.1_RGP_21	GCF_000026265.1	NC_011741.1	1094471	1102185	7	False	False
NC_011741.1_RGP_17	GCF_000026265.1	NC_011741.1	1378742	1387755	8	False	False
NC_011741.1_RGP_6	GCF_000026265.1	NC_011741.1	1444596	1466741	19	False	False
NC_011741.1_RGP_11	GCF_000026265.1	NC_011741.1	1517534	1533831	13	False	False
NC_011741.1_RGP_10	GCF_000026265.1	NC_011741.1	1557290	1570036	13	False	False
NC_011741.1_RGP_15	GCF_000026265.1	NC_011741.1	1602899	1617522	9	False	False
NC_011741.1_RGP_45	GCF_000026265.1	NC_011741.1	1632458	1636274	4	False	False
NC_011741.1_RGP_36	GCF_000026265.1	NC_011741.1	1926448	1932597	5	False	False
NC_011741.1_RGP_14	GCF_000026265.1	NC_011741.1	2147478	2160124	9	False	False
NC_011741.1_RGP_30	GCF_000026265.1	NC_011741.1	2510720	2517400	6	False	False
NC_011741.1_RGP_7	GCF_000026265.1	NC_011741.1	2625347	2638968	14	False	False
NC_011741.1_RGP_29	GCF_000026265.1	NC_011741.1	2691713	2696955	6	False	False
NC_011741.1_RGP_28	GCF_000026265.1	NC_011741.1	2823071	2833485	6	False	False
NC_011741.1_RGP_13	GCF_000026265.1	NC_011741.1	2927872	2936776	9	False	False
NC_011741.1_RGP_4	GCF_000026265.1	NC_011741.1	3038839	3057006	27	False	False
NC_011741.1_RGP_44	GCF_000026265.1	NC_011741.1	3268239	3273185	4	False	False
NC_011741.1_RGP_43	GCF_000026265.1	NC_011741.1	3327633	3332740	4	False	False
NC_011741.1_RGP_42	GCF_000026265.1	NC_011741.1	3375972	3380979	4	False	False
NC_011741.1_RGP_41	GCF_000026265.1	NC_011741.1	3630184	3633795	4	False	False
NC_011741.1_RGP_34	GCF_000026265.1	NC_011741.1	3776060	3781505	5	False	False
NC_011741.1_RGP_27	GCF_000026265.1	NC_011741.1	3820350	3824291	6	False	False
NC_011741.1_RGP_9	GCF_000026265.1	NC_011741.1	4140207	4155214	13	False	False
NC_011741.1_RGP_12	GCF_000026265.1	NC_011741.1	4639313	4653726	13	False	False
NC_011742.1_RGP_39	GCF_000026285.1	NC_011742.1	124400	127865	6	False	False
NC_011742.1_RGP_12	GCF_000026285.1	NC_011742.1	243428	271866	24	False	False
NC_011742.1_RGP_38	GCF_000026285.1	NC_011742.1	295294	303808	8	False	False
NC_011742.1_RGP_37	GCF_000026285.1	NC_011742.1	312071	319982	10	False	False
NC_011742.1_RGP_48	GCF_000026285.1	NC_011742.1	334880	339821	5	False	False
NC_011742.1_RGP_20	GCF_000026285.1	NC_011742.1	720659	729629	9	False	False
NC_011742.1_RGP_36	GCF_000026285.1	NC_011742.1	927068	935415	6	False	False
NC_011742.1_RGP_47	GCF_000026285.1	NC_011742.1	1075265	1083403	5	False	False
NC_011742.1_RGP_35	GCF_000026285.1	NC_011742.1	1259586	1266012	6	False	False
NC_011742.1_RGP_46	GCF_000026285.1	NC_011742.1	1414458	1421950	5	False	False
NC_011742.1_RGP_34	GCF_000026285.1	NC_011742.1	1537701	1543687	8	False	False
NC_011742.1_RGP_52	GCF_000026285.1	NC_011742.1	1606874	1610689	4	False	False
NC_011742.1_RGP_15	GCF_000026285.1	NC_011742.1	1998465	2032199	14	False	False
NC_011742.1_RGP_10	GCF_000026285.1	NC_011742.1	2047655	2078964	38	False	False
NC_011742.1_RGP_44	GCF_000026285.1	NC_011742.1	2576991	2581290	5	False	False
NC_011742.1_RGP_51	GCF_000026285.1	NC_011742.1	2667132	2678992	4	False	False
NC_011742.1_RGP_11	GCF_000026285.1	NC_011742.1	3034539	3069814	28	False	False
NC_011742.1_RGP_1	GCF_000026285.1	NC_011742.1	3220074	3292883	71	False	False
NC_011742.1_RGP_29	GCF_000026285.1	NC_011742.1	3359689	3367162	7	False	False
NC_011742.1_RGP_33	GCF_000026285.1	NC_011742.1	3379686	3386878	6	False	False
NC_011742.1_RGP_42	GCF_000026285.1	NC_011742.1	3400484	3406199	5	False	False
NC_011742.1_RGP_25	GCF_000026285.1	NC_011742.1	3604447	3612942	8	False	False
NC_011742.1_RGP_14	GCF_000026285.1	NC_011742.1	3659023	3671753	14	False	False
NC_011742.1_RGP_17	GCF_000026285.1	NC_011742.1	3763922	3773337	10	False	False
NC_011742.1_RGP_32	GCF_000026285.1	NC_011742.1	3809370	3813679	6	False	False
NC_011742.1_RGP_28	GCF_000026285.1	NC_011742.1	3833212	3838812	7	False	False
NC_011742.1_RGP_24	GCF_000026285.1	NC_011742.1	3860565	3869517	8	False	False
NC_011742.1_RGP_23	GCF_000026285.1	NC_011742.1	4038130	4045073	8	False	False
NC_011742.1_RGP_13	GCF_000026285.1	NC_011742.1	4227246	4250111	23	False	False
NC_011742.1_RGP_41	GCF_000026285.1	NC_011742.1	4356023	4363213	5	False	False
NC_011742.1_RGP_27	GCF_000026285.1	NC_011742.1	4463801	4469514	7	False	False
NC_011742.1_RGP_16	GCF_000026285.1	NC_011742.1	4498533	4524740	19	False	False
NC_011742.1_RGP_40	GCF_000026285.1	NC_011742.1	4552967	4558037	5	False	False
NC_011742.1_RGP_26	GCF_000026285.1	NC_011742.1	4568064	4574993	7	False	False
NC_011742.1_RGP_2	GCF_000026285.1	NC_011742.1	4621709	4684851	69	False	False
NC_011742.1_RGP_21	GCF_000026285.1	NC_011742.1	4749068	4758392	8	False	False
NC_011742.1_RGP_6	GCF_000026285.1	NC_011742.1	4821397	4878852	63	False	False
NC_011745.1_RGP_44	GCF_000026305.1	NC_011745.1	124261	127726	6	False	False
NC_011745.1_RGP_16	GCF_000026305.1	NC_011745.1	243407	273765	26	False	False
NC_011745.1_RGP_13	GCF_000026305.1	NC_011745.1	297377	348193	50	False	False
NC_011745.1_RGP_33	GCF_000026305.1	NC_011745.1	394715	403397	8	False	False
NC_011745.1_RGP_43	GCF_000026305.1	NC_011745.1	883726	892073	6	False	False
NC_011745.1_RGP_42	GCF_000026305.1	NC_011745.1	1324646	1331072	6	False	False
NC_011745.1_RGP_53	GCF_000026305.1	NC_011745.1	1471836	1479328	5	False	False
NC_011745.1_RGP_41	GCF_000026305.1	NC_011745.1	1588872	1594877	8	False	False
NC_011745.1_RGP_12	GCF_000026305.1	NC_011745.1	2161900	2229728	44	False	False
NC_011745.1_RGP_17	GCF_000026305.1	NC_011745.1	2273270	2288883	24	False	False
NC_011745.1_RGP_51	GCF_000026305.1	NC_011745.1	2795981	2800280	5	False	False
NC_011745.1_RGP_50	GCF_000026305.1	NC_011745.1	2886398	2898613	5	False	False
NC_011745.1_RGP_49	GCF_000026305.1	NC_011745.1	3205042	3210271	5	False	False
NC_011745.1_RGP_0	GCF_000026305.1	NC_011745.1	3375080	3525578	150	False	False
NC_011745.1_RGP_37	GCF_000026305.1	NC_011745.1	3593282	3600745	7	False	False
NC_011745.1_RGP_40	GCF_000026305.1	NC_011745.1	3613268	3620460	6	False	False
NC_011745.1_RGP_48	GCF_000026305.1	NC_011745.1	3634063	3639778	5	False	False
NC_011745.1_RGP_32	GCF_000026305.1	NC_011745.1	3839612	3848108	8	False	False
NC_011745.1_RGP_23	GCF_000026305.1	NC_011745.1	3894895	3908750	13	False	False
NC_011745.1_RGP_22	GCF_000026305.1	NC_011745.1	3995384	4006833	13	False	False
NC_011745.1_RGP_31	GCF_000026305.1	NC_011745.1	4082735	4091687	8	False	False
NC_011745.1_RGP_36	GCF_000026305.1	NC_011745.1	4146883	4153101	7	False	False
NC_011745.1_RGP_30	GCF_000026305.1	NC_011745.1	4265157	4272100	8	False	False
NC_011745.1_RGP_21	GCF_000026305.1	NC_011745.1	4453098	4474090	20	False	False
NC_011745.1_RGP_25	GCF_000026305.1	NC_011745.1	4516927	4529549	11	False	False
NC_011745.1_RGP_35	GCF_000026305.1	NC_011745.1	4688196	4693909	7	False	False
NC_011745.1_RGP_26	GCF_000026305.1	NC_011745.1	4727063	4740454	9	False	False
NC_011745.1_RGP_46	GCF_000026305.1	NC_011745.1	4768225	4774239	7	False	False
NC_011745.1_RGP_34	GCF_000026305.1	NC_011745.1	4784266	4791196	7	False	False
NC_011745.1_RGP_11	GCF_000026305.1	NC_011745.1	4837825	4881001	45	False	False
NC_011745.1_RGP_10	GCF_000026305.1	NC_011745.1	4940530	4979826	48	False	False
NC_011745.1_RGP_29	GCF_000026305.1	NC_011745.1	4984076	4993400	8	False	False
NC_011745.1_RGP_45	GCF_000026305.1	NC_011745.1	5039996	5047430	7	False	False
NC_011745.1_RGP_4	GCF_000026305.1	NC_011745.1	5059373	5122874	65	False	False
NC_011745.1_RGP_28	GCF_000026305.1	NC_011745.1	5140287	5150807	8	False	False
NC_011745.1_RGP_54	GCF_000026305.1	NC_011745.1	5156398	5161517	4	False	False
NC_011751.1_RGP_12	GCF_000026325.1	NC_011751.1	241530	273862	26	False	False
NC_011751.1_RGP_23	GCF_000026325.1	NC_011751.1	335735	346247	9	False	False
NC_011751.1_RGP_41	GCF_000026325.1	NC_011751.1	355778	363787	10	False	False
NC_011751.1_RGP_25	GCF_000026325.1	NC_011751.1	425949	434630	8	False	False
NC_011751.1_RGP_34	GCF_000026325.1	NC_011751.1	572023	601199	9	False	False
NC_011751.1_RGP_2	GCF_000026325.1	NC_011751.1	638333	711553	87	False	False
NC_011751.1_RGP_33	GCF_000026325.1	NC_011751.1	789075	796898	7	False	False
NC_011751.1_RGP_17	GCF_000026325.1	NC_011751.1	864899	878293	13	False	False
NC_011751.1_RGP_53	GCF_000026325.1	NC_011751.1	1034718	1041027	4	False	False
NC_011751.1_RGP_40	GCF_000026325.1	NC_011751.1	1493174	1499600	6	False	False
NC_011751.1_RGP_24	GCF_000026325.1	NC_011751.1	1609659	1618547	8	False	False
NC_011751.1_RGP_32	GCF_000026325.1	NC_011751.1	1720572	1727079	7	False	False
NC_011751.1_RGP_39	GCF_000026325.1	NC_011751.1	1755068	1761032	6	False	False
NC_011751.1_RGP_14	GCF_000026325.1	NC_011751.1	1789515	1816315	26	False	False
NC_011751.1_RGP_45	GCF_000026325.1	NC_011751.1	2114093	2120242	5	False	False
NC_011751.1_RGP_7	GCF_000026325.1	NC_011751.1	2277592	2351457	51	False	False
NC_011751.1_RGP_30	GCF_000026325.1	NC_011751.1	2766193	2773119	7	False	False
NC_011751.1_RGP_19	GCF_000026325.1	NC_011751.1	2880506	2894135	12	False	False
NC_011751.1_RGP_51	GCF_000026325.1	NC_011751.1	2915699	2927496	4	False	False
NC_011751.1_RGP_37	GCF_000026325.1	NC_011751.1	2959508	2964751	6	False	False
NC_011751.1_RGP_10	GCF_000026325.1	NC_011751.1	3049026	3092003	36	False	False
NC_011751.1_RGP_50	GCF_000026325.1	NC_011751.1	3162100	3170271	10	False	False
NC_011751.1_RGP_22	GCF_000026325.1	NC_011751.1	3182695	3191603	9	False	False
NC_011751.1_RGP_11	GCF_000026325.1	NC_011751.1	3294163	3321312	33	False	False
NC_011751.1_RGP_1	GCF_000026325.1	NC_011751.1	3446197	3551321	100	False	False
NC_011751.1_RGP_29	GCF_000026325.1	NC_011751.1	3989994	3997188	7	False	False
NC_011751.1_RGP_15	GCF_000026325.1	NC_011751.1	4046536	4061552	18	False	False
NC_011751.1_RGP_28	GCF_000026325.1	NC_011751.1	4067772	4073371	7	False	False
NC_011751.1_RGP_21	GCF_000026325.1	NC_011751.1	4095408	4114272	19	False	False
NC_011751.1_RGP_44	GCF_000026325.1	NC_011751.1	4212157	4217257	5	False	False
NC_011751.1_RGP_27	GCF_000026325.1	NC_011751.1	4301382	4320951	9	False	False
NC_011751.1_RGP_16	GCF_000026325.1	NC_011751.1	4546781	4562982	14	False	False
NC_011751.1_RGP_26	GCF_000026325.1	NC_011751.1	4719145	4724858	7	False	False
NC_011751.1_RGP_0	GCF_000026325.1	NC_011751.1	4977653	5075358	103	False	False
NC_011751.1_RGP_20	GCF_000026325.1	NC_011751.1	5106646	5132428	13	False	False
NC_011751.1_RGP_18	GCF_000026325.1	NC_011751.1	5136237	5152045	14	False	False
NC_011750.1_RGP_34	GCF_000026345.1	NC_011750.1	355774	364458	8	False	False
NC_011750.1_RGP_41	GCF_000026345.1	NC_011750.1	426844	437309	13	False	False
NC_011750.1_RGP_48	GCF_000026345.1	NC_011750.1	500603	505730	8	False	False
NC_011750.1_RGP_5	GCF_000026345.1	NC_011750.1	525986	566720	46	False	False
NC_011750.1_RGP_26	GCF_000026345.1	NC_011750.1	707422	715227	9	False	False
NC_011750.1_RGP_15	GCF_000026345.1	NC_011750.1	726956	750099	19	False	False
NC_011750.1_RGP_20	GCF_000026345.1	NC_011750.1	1041813	1055894	14	False	False
NC_011750.1_RGP_8	GCF_000026345.1	NC_011750.1	1079846	1113793	37	False	False
NC_011750.1_RGP_16	GCF_000026345.1	NC_011750.1	1129069	1162854	15	False	False
NC_011750.1_RGP_52	GCF_000026345.1	NC_011750.1	1316923	1323072	5	False	False
NC_011750.1_RGP_46	GCF_000026345.1	NC_011750.1	1593809	1600235	6	False	False
NC_011750.1_RGP_33	GCF_000026345.1	NC_011750.1	1702434	1713509	8	False	False
NC_011750.1_RGP_32	GCF_000026345.1	NC_011750.1	1719531	1728419	8	False	False
NC_011750.1_RGP_40	GCF_000026345.1	NC_011750.1	1834254	1844360	9	False	False
NC_011750.1_RGP_25	GCF_000026345.1	NC_011750.1	1867420	1873607	11	False	False
NC_011750.1_RGP_64	GCF_000026345.1	NC_011750.1	1911834	1915649	4	False	False
NC_011750.1_RGP_51	GCF_000026345.1	NC_011750.1	2170044	2178185	5	False	False
NC_011750.1_RGP_39	GCF_000026345.1	NC_011750.1	2249717	2256504	7	False	False
NC_011750.1_RGP_23	GCF_000026345.1	NC_011750.1	2588734	2602335	9	False	False
NC_011750.1_RGP_31	GCF_000026345.1	NC_011750.1	2641055	2651650	10	False	False
NC_011750.1_RGP_21	GCF_000026345.1	NC_011750.1	2717925	2731554	13	False	False
NC_011750.1_RGP_63	GCF_000026345.1	NC_011750.1	2797857	2809668	4	False	False
NC_011750.1_RGP_45	GCF_000026345.1	NC_011750.1	2841204	2846447	6	False	False
NC_011750.1_RGP_14	GCF_000026345.1	NC_011750.1	2933379	2954750	19	False	False
NC_011750.1_RGP_38	GCF_000026345.1	NC_011750.1	3066836	3078120	11	False	False
NC_011750.1_RGP_50	GCF_000026345.1	NC_011750.1	3173360	3180555	5	False	False
NC_011750.1_RGP_19	GCF_000026345.1	NC_011750.1	3243648	3260129	14	False	False
NC_011750.1_RGP_43	GCF_000026345.1	NC_011750.1	3304250	3309689	6	False	False
NC_011750.1_RGP_18	GCF_000026345.1	NC_011750.1	3416070	3426039	14	False	False
NC_011750.1_RGP_4	GCF_000026345.1	NC_011750.1	3545739	3599213	51	False	False
NC_011750.1_RGP_61	GCF_000026345.1	NC_011750.1	3691059	3696005	4	False	False
NC_011750.1_RGP_60	GCF_000026345.1	NC_011750.1	3753167	3758273	4	False	False
NC_011750.1_RGP_30	GCF_000026345.1	NC_011750.1	3913352	3921848	8	False	False
NC_011750.1_RGP_22	GCF_000026345.1	NC_011750.1	4120179	4126466	9	False	False
NC_011750.1_RGP_29	GCF_000026345.1	NC_011750.1	4150636	4166533	16	False	False
NC_011750.1_RGP_28	GCF_000026345.1	NC_011750.1	4265725	4277063	10	False	False
NC_011750.1_RGP_1	GCF_000026345.1	NC_011750.1	4350156	4416942	70	False	False
NC_011750.1_RGP_37	GCF_000026345.1	NC_011750.1	4419601	4437425	9	False	False
NC_011750.1_RGP_58	GCF_000026345.1	NC_011750.1	4497916	4504771	4	False	False
NC_011750.1_RGP_12	GCF_000026345.1	NC_011750.1	4614810	4642784	35	False	False
NC_011750.1_RGP_36	GCF_000026345.1	NC_011750.1	4715240	4722170	7	False	False
NC_011750.1_RGP_9	GCF_000026345.1	NC_011750.1	4770471	4801913	32	False	False
NC_011750.1_RGP_35	GCF_000026345.1	NC_011750.1	4866093	4874576	7	False	False
NC_011750.1_RGP_49	GCF_000026345.1	NC_011750.1	4924852	4932286	7	False	False
NC_011750.1_RGP_7	GCF_000026345.1	NC_011750.1	4944282	4984061	39	False	False
NC_011750.1_RGP_27	GCF_000026345.1	NC_011750.1	5016038	5026578	8	False	False
NC_011750.1_RGP_55	GCF_000026345.1	NC_011750.1	5032102	5037221	4	False	False
